source,campaign,influencer_id,user_id,product,date,orders,revenue
YouTube,BoostUp,6,fafe2c7d-9108-44ca-94ef-93ba58430893,Pre-Workout,2025-02-01,1,691.17
YouTube,FitLife,13,83518193-16f3-444d-9a1f-5389a4bcebe8,Multivitamin,2025-06-16,1,711.55
YouTube,BoostUp,15,9a0b64cc-386a-425f-807e-fad6aa8bf21f,Multivitamin,2025-02-18,2,960.18
Twitter,Summer2025,30,fbe3e511-9c01-4e7a-92dd-3f14fd73f19b,Pre-Workout,2025-01-30,3,584.23
YouTube,Summer2025,18,0d43c471-8f7c-497d-9a5b-2bf4054f12f9,Multivitamin,2025-06-26,3,432.67
Instagram,Summer2025,23,4bfedf74-1621-4d50-8a9d-a33d093cda8b,Pre-Workout,2025-05-03,5,891.35
Instagram,FitLife,24,5d541454-b49a-476b-904b-191f39ed898c,Omega-3,2025-03-17,5,989.96
Instagram,BoostUp,20,cd5a67e8-b9e8-4eec-99ed-c78b44170dc2,Omega-3,2025-01-07,2,620.22
Instagram,Summer2025,8,8af1a4f5-59a7-422b-821c-e7698ed27511,Multivitamin,2025-03-15,4,691.52
Twitter,BoostUp,29,d030a507-7b21-499d-8248-704137d0c137,Omega-3,2025-02-04,2,854.97
Twitter,FitLife,5,ead9fa61-299a-4d5d-bb1f-31b4862b9e6f,Omega-3,2025-03-10,1,883.27
Instagram,Summer2025,8,6baeaa19-e326-428c-9492-9b805c151e64,Omega-3,2025-03-31,5,539.52
Twitter,Summer2025,27,f170fe5c-9b10-4bab-b11a-7b55a43a605c,Pre-Workout,2025-06-29,5,830.15
Instagram,Summer2025,8,20037678-3fbe-4fe1-8a17-6be603c0583e,Multivitamin,2025-02-23,3,339.78
Twitter,FitLife,15,046419c1-93b4-4dbb-b5d9-523cd1917490,Pre-Workout,2025-07-03,3,463.24
Instagram,Summer2025,8,5d0ab97f-3e0f-423b-a430-404378a2c7c1,Pre-Workout,2025-07-18,3,423.56
Twitter,FitLife,20,6944ccd9-6b01-49f0-ac47-07b061c06bd1,Pre-Workout,2025-02-05,1,472.46
Instagram,FitLife,1,a5dc839d-a34c-4791-89bd-5436989c3cdc,Omega-3,2025-02-17,5,950.18
Instagram,FitLife,1,3ec37772-ce77-4e90-96c9-5d1074fde748,Multivitamin,2025-01-18,1,873.64
Instagram,BoostUp,22,74cf89d0-a910-4b95-b333-1fa38bc05f9d,Whey Protein,2025-06-15,4,115.89
Instagram,Summer2025,2,7cbfeab3-adcf-4c58-b258-e2c5dd2ef5a6,Omega-3,2025-07-08,3,514.23
YouTube,Summer2025,27,1c4af338-2029-46f2-bfa0-98cbbc4bc030,Omega-3,2025-03-17,3,897.09
Instagram,BoostUp,22,a30e161f-ef5f-486a-a59f-602b92298dbc,Pre-Workout,2025-07-17,3,506.44
Twitter,BoostUp,9,46878443-6b20-49a9-a625-7e3a1fea37e6,Omega-3,2025-01-24,5,456.52
Instagram,BoostUp,20,9a9914b6-c731-4b89-b49d-82da4fe9380e,Pre-Workout,2025-03-09,5,449.64
Instagram,BoostUp,2,2208c181-22f0-4fb5-a611-6012f6e6daaa,Pre-Workout,2025-07-03,3,583.62
Instagram,FitLife,13,fb771419-a820-4665-a265-38cf51f0444a,Whey Protein,2025-01-29,5,310.23
YouTube,Summer2025,6,bf34a199-d7aa-485f-ad5c-5e97f9acf18e,Multivitamin,2025-01-13,5,244.7
YouTube,FitLife,15,868a76b5-0b6e-41ef-bc78-a1bb49cb6a1b,Multivitamin,2025-06-19,2,785.56
Twitter,BoostUp,24,9fb5123d-a910-4116-942c-e71e120654a1,Omega-3,2025-06-01,4,417.27
YouTube,BoostUp,18,a7fb94b5-ca08-4e4e-a466-ba6a3e37d38d,Omega-3,2025-02-26,3,791.91
YouTube,Summer2025,25,2eccc5e2-3516-49f8-8629-934da14a3581,Omega-3,2025-05-04,2,440.76
Twitter,Summer2025,4,402b6f42-7216-4615-a8ee-cec2bcfc1358,Pre-Workout,2025-05-14,5,432.94
Twitter,Summer2025,5,a600928a-7684-46f1-ae53-1c7dcae1ee5d,Pre-Workout,2025-04-29,3,700.37
YouTube,FitLife,29,2c70257d-136f-403c-a6b7-584d04598295,Whey Protein,2025-03-25,2,123.74
Twitter,Summer2025,24,21aeb85f-a3a1-48aa-b805-167f7ac27943,Multivitamin,2025-02-12,3,219.08
Twitter,BoostUp,6,0a8e2e61-3254-47ed-99ef-7f7b87de4902,Whey Protein,2025-04-21,1,744.1
YouTube,Summer2025,14,2b616cfb-967d-4c36-b178-197767265322,Pre-Workout,2025-04-23,3,306.12
Twitter,FitLife,23,0f57f327-fd96-47cb-9582-1428964823d4,Whey Protein,2025-03-16,4,525.61
Instagram,FitLife,19,55285657-e6f9-4ed6-85a4-358f2ed78349,Whey Protein,2025-05-20,4,143.03
Instagram,BoostUp,19,88e7c072-8560-4c33-acab-3df660311d01,Pre-Workout,2025-03-23,4,429.34
Instagram,FitLife,26,a5586ab6-c583-4f4b-b95a-f0be2ce01deb,Multivitamin,2025-01-05,4,514.38
YouTube,FitLife,27,d5ca7e8d-79a1-439e-937c-2a4afdc43e3f,Pre-Workout,2025-02-26,2,901.5
Instagram,Summer2025,26,643434c5-464b-43bd-8558-2a6e9ed64b66,Multivitamin,2025-02-13,2,403.86
Instagram,Summer2025,29,c6123927-c535-4a22-9d78-e5888c00aa35,Omega-3,2025-02-12,2,814.34
YouTube,BoostUp,20,3c396c00-bdcf-4e67-b364-4936f935b382,Pre-Workout,2025-06-24,2,706.49
Instagram,BoostUp,8,40de310f-58ac-4b10-bbbb-903e06a2fe39,Omega-3,2025-02-18,1,792.41
Twitter,Summer2025,5,73c84fca-58a4-4db1-b0fd-3f6f52922912,Pre-Workout,2025-05-03,2,225.6
Instagram,Summer2025,25,692e3a62-b469-40c4-af9f-8792f0e16c72,Multivitamin,2025-06-16,3,557.55
YouTube,BoostUp,17,676ee584-f4b3-4031-b86a-289d8057d7c2,Pre-Workout,2025-07-05,5,322.95
Twitter,BoostUp,18,836146d7-ef44-455e-a7a0-0c174f7e7547,Pre-Workout,2025-05-17,3,756.88
Instagram,Summer2025,19,f43aa4d4-ca8e-4c77-a1c3-ac824e9c2dfe,Whey Protein,2025-01-26,5,592.8
Instagram,FitLife,25,a7fe7928-8625-47da-959e-93ff78c50cfd,Omega-3,2025-06-18,4,828.33
Instagram,Summer2025,13,55620ddf-a6e4-4e5b-8222-55420c78e2a5,Omega-3,2025-07-02,1,973.27
Twitter,FitLife,21,16e59fa9-342c-4799-aab9-439be2a5fed2,Pre-Workout,2025-06-07,1,928.71
YouTube,BoostUp,20,c29cf011-db1e-44fc-9f3b-bcc03a131d86,Omega-3,2025-03-07,4,365.71
Instagram,Summer2025,21,c792d1dc-709b-415b-ba52-0434f9600cef,Whey Protein,2025-01-19,4,448.96
Twitter,FitLife,27,66d26073-ff92-4644-99de-6c77519b5ccc,Whey Protein,2025-02-28,1,805.71
YouTube,BoostUp,7,ac0e32ea-10de-4ab5-8818-20ff5acc6ed8,Multivitamin,2025-05-03,5,470.47
Instagram,BoostUp,10,ce166124-e7f6-4086-b343-919fb07b5b98,Multivitamin,2025-01-18,3,865.1
YouTube,FitLife,12,139b2e7a-89b2-4225-bc70-1fe6045dc857,Multivitamin,2025-07-21,4,382.93
Instagram,FitLife,20,1c26828b-b7e7-4605-a631-b6b4ad286400,Omega-3,2025-01-19,1,483.42
YouTube,FitLife,13,657aeea0-909e-45f8-badf-9ced815c0666,Multivitamin,2025-03-06,4,964.55
Instagram,FitLife,23,7ea8aa64-6686-4f37-abef-382992954c51,Multivitamin,2025-06-27,5,871.44
YouTube,Summer2025,2,747c8d40-37e0-442e-a6c8-5511c78a2584,Multivitamin,2025-02-18,5,569.83
YouTube,BoostUp,9,86a31dea-e935-4036-b25f-392660ab0c0d,Omega-3,2025-02-27,4,564.32
Instagram,BoostUp,23,951bce6c-a650-40f2-9d16-04c4c298499c,Pre-Workout,2025-04-11,5,394.62
Instagram,Summer2025,4,f5ab3be2-8557-445c-bd28-b6987666e2e1,Omega-3,2025-04-24,3,199.73
Instagram,Summer2025,30,976be045-4c71-481e-8e41-a1137213c6ed,Multivitamin,2025-07-02,2,805.72
Twitter,Summer2025,13,59e16449-c080-4346-a861-0c28c65d5b05,Whey Protein,2025-06-06,4,865.12
Twitter,FitLife,16,73155467-c42a-4e13-b8de-a5cbf9b878f2,Multivitamin,2025-03-19,2,285.96
Twitter,Summer2025,9,ccba95e3-d438-4492-b94e-ed9ba38638cc,Omega-3,2025-04-24,2,221.15
Instagram,Summer2025,5,c3e2437e-bedc-421e-b921-ef4a2f4ebb4b,Omega-3,2025-03-16,3,706.96
YouTube,Summer2025,26,23ba5ef5-94d5-4c3f-b403-696cfa9c0468,Whey Protein,2025-01-02,5,802.06
Twitter,BoostUp,19,082407c0-a529-4312-80cf-ccba1beebe57,Pre-Workout,2025-02-02,3,846.34
Twitter,BoostUp,20,dd72b83c-89b9-4945-b41c-ea759d229f47,Pre-Workout,2025-06-15,2,393.33
Instagram,Summer2025,7,ce05c75d-e535-43d5-8c26-e0f2a9370979,Omega-3,2025-04-12,2,817.9
Instagram,Summer2025,9,de4113a4-6dda-4bab-a7e6-d4bcead72218,Omega-3,2025-02-27,1,667.56
Instagram,Summer2025,4,75d11ce2-64b1-4c26-a63b-e0ebaf88bb1e,Multivitamin,2025-06-13,4,572.57
YouTube,BoostUp,25,58df52fb-3ba8-4668-8772-0866fd77c1be,Whey Protein,2025-05-23,4,699.74
Twitter,BoostUp,27,555680d1-df9c-473d-a88f-aa9c6f91e3a8,Pre-Workout,2025-02-20,4,191.77
YouTube,BoostUp,24,cf114dd5-2d1b-4e53-9ccb-62c58604c6e1,Whey Protein,2025-03-27,5,360.69
YouTube,Summer2025,14,e91fbded-73cb-476e-8bcb-3750a564a261,Whey Protein,2025-03-30,5,353.19
Twitter,Summer2025,7,1ade33e4-2bcc-46c4-b05f-cf901fef2ede,Omega-3,2025-04-08,3,294.74
Instagram,Summer2025,1,784c06ec-edbf-43ae-ab61-b1e414bdb73b,Multivitamin,2025-05-13,5,973.34
YouTube,BoostUp,12,6c64d8fc-51e3-4b2b-b103-26e51d1f85f7,Pre-Workout,2025-03-02,5,826.48
Instagram,Summer2025,13,93617e20-99cb-46c7-a35d-e4f0ec49c93a,Whey Protein,2025-05-13,4,587.91
Twitter,Summer2025,30,80791398-ef5a-44de-83b6-76b2b5dfc023,Pre-Workout,2025-04-29,4,793.67
YouTube,BoostUp,6,5b370041-954d-4433-979a-e3563ebccad8,Multivitamin,2025-02-03,5,347.85
Twitter,BoostUp,18,a7ec9ddd-4aa5-4f0c-9905-5bda61279c0d,Pre-Workout,2025-06-26,3,892.35
Instagram,FitLife,24,058206ee-99d3-466a-a30c-90e00d836c86,Multivitamin,2025-02-25,3,200.07
YouTube,Summer2025,6,bf800745-8df2-49d5-9301-3bf20b03249f,Multivitamin,2025-04-22,2,543.42
Instagram,Summer2025,21,e2f658a5-5270-4839-82b0-baa11cc6683c,Whey Protein,2025-04-16,3,364.98
Twitter,Summer2025,14,02d0c50b-6251-40ff-99d1-bb8403ac5038,Pre-Workout,2025-05-09,5,492.98
Twitter,FitLife,4,f81b591f-e454-4432-aceb-dbe918040aa3,Multivitamin,2025-06-07,3,895.74
Instagram,Summer2025,21,dfcf27f5-dd47-43a3-bef3-98050ad4e261,Pre-Workout,2025-04-10,2,656.39
Twitter,FitLife,13,c90f2952-7c1f-4bb4-a159-ffb51b5b6d95,Whey Protein,2025-01-04,3,527.05
YouTube,BoostUp,11,09874f03-c193-4c5d-8e28-5a5b73941653,Whey Protein,2025-04-19,5,139.87
Twitter,Summer2025,29,80e4a77d-8a0d-41be-a059-c9790f3d3221,Pre-Workout,2025-01-31,1,254.41
Instagram,Summer2025,7,0f616a43-5db9-4293-af1e-84b6f2499435,Omega-3,2025-04-10,3,327.66
Twitter,FitLife,7,42713664-d430-4070-a2ae-677a22bc84c5,Pre-Workout,2025-04-08,5,437.22
Twitter,BoostUp,10,760d0a89-9593-42e4-9e85-3748cea3aea4,Whey Protein,2025-02-26,1,984.18
Instagram,FitLife,14,d91d95e1-dd18-4c78-88d5-3d7fc176126e,Multivitamin,2025-02-09,4,810.37
Twitter,BoostUp,25,273faf25-a7ec-4585-ab72-3cd315219182,Pre-Workout,2025-02-19,3,937.52
Twitter,Summer2025,19,2d01b1cd-02c4-4970-8370-4e34450041bb,Whey Protein,2025-03-05,1,570.85
YouTube,Summer2025,8,0339991b-3d72-4fe1-b255-5519b1a82b19,Pre-Workout,2025-04-15,3,100.59
Instagram,BoostUp,27,6ff69c3f-89d1-410d-98d9-3adefc4a01cb,Omega-3,2025-03-08,1,625.73
Instagram,Summer2025,3,ad61656b-0b47-4999-ba5e-f04c20e18f20,Whey Protein,2025-03-18,2,288.43
Instagram,BoostUp,17,8ad3f2cb-e376-43c9-82a3-1566ea6f3019,Pre-Workout,2025-05-23,4,736.29
Instagram,Summer2025,22,dce81083-0454-4879-862e-2f62219364f0,Omega-3,2025-02-15,5,743.61
Instagram,BoostUp,11,72480511-34ce-4a53-a260-abd62f2ce353,Multivitamin,2025-02-20,2,229.62
Instagram,Summer2025,28,3bd4fc6e-b57f-4d0f-8664-be2ba4a27176,Omega-3,2025-06-20,3,354.05
Instagram,Summer2025,22,6318df8b-e3db-4bd0-bb15-e8291b20e369,Omega-3,2025-07-08,1,315.63
Instagram,Summer2025,11,48d6f846-31c1-4116-ab98-cd3598a30d7c,Whey Protein,2025-03-04,4,375.24
Instagram,BoostUp,9,1facb451-ec23-408b-9edd-a0c14e197376,Multivitamin,2025-05-06,2,144.39
Instagram,BoostUp,17,b887cfea-2211-4e2f-9ba0-b5caa60c3839,Whey Protein,2025-05-08,1,790.75
Instagram,Summer2025,17,6d50a386-4f36-40cf-9b99-fea94f2cce7c,Multivitamin,2025-03-30,4,557.7
YouTube,BoostUp,16,055ef031-9e37-485e-aae4-1607e145a7bd,Multivitamin,2025-04-02,1,858.44
Twitter,Summer2025,7,78d2cdd0-8157-48ec-b417-53317280641d,Pre-Workout,2025-04-17,2,230.95
Twitter,FitLife,9,e7e1d80a-f788-40ab-8242-23107751e8e1,Omega-3,2025-05-08,5,770.95
Instagram,Summer2025,12,804c767c-e3ff-4e04-8324-00e3738edfcb,Pre-Workout,2025-04-13,1,252.9
Instagram,BoostUp,17,b56f0f95-2554-488e-a86d-c1c4d8dde8b7,Omega-3,2025-03-05,1,320.88
Instagram,Summer2025,25,4059194f-a5ea-4f0d-a44a-6ca064a86b67,Whey Protein,2025-03-28,5,511.29
Instagram,BoostUp,30,73bcb29a-bc00-4794-a692-57d5f8cbadf8,Pre-Workout,2025-02-16,3,749.53
Instagram,Summer2025,10,bf30fc1f-11b1-45eb-a625-3e5ed9a39e3c,Omega-3,2025-03-20,1,651.09
Instagram,BoostUp,15,1378586e-5870-4806-bbb5-ea7382b4348f,Whey Protein,2025-05-24,5,168.1
Twitter,Summer2025,6,b3b376d5-b9d7-4953-883b-6e941be58606,Omega-3,2025-02-14,3,386.01
YouTube,Summer2025,3,396ccf36-8c43-4847-9653-d9b828544bea,Whey Protein,2025-02-08,1,318.07
YouTube,FitLife,25,4749f146-37cb-42f6-95db-ac8aa1efd995,Omega-3,2025-02-16,1,861.26
Instagram,Summer2025,4,2d638686-5043-47e9-9579-f0978127cb6f,Pre-Workout,2025-03-16,4,801.57
Instagram,FitLife,19,1bc87b33-cdd2-457f-a596-d588378fece6,Whey Protein,2025-02-11,4,862.8
Twitter,BoostUp,4,9c1c5b64-cdc7-4dcc-b2e4-bd01a0eee3d9,Omega-3,2025-01-28,2,427.15
Twitter,FitLife,26,a87214b4-6b72-41a5-a3f0-7cd8b078ecdd,Whey Protein,2025-06-16,2,585.65
Instagram,FitLife,3,a8a26b17-7600-48ff-ae79-3425bc179ac5,Omega-3,2025-01-11,2,392.66
Twitter,Summer2025,16,1936e0bd-f644-4ca9-9211-e8a19a4e90d2,Omega-3,2025-06-19,3,245.86
Instagram,BoostUp,19,24801986-99c1-4c66-bf35-8015b6add02d,Multivitamin,2025-04-23,4,690.74
Twitter,Summer2025,2,97f41229-ee7d-46c0-b080-117c84132f08,Omega-3,2025-03-24,1,117.7
YouTube,Summer2025,23,3675a347-b16f-43e9-8031-7d84f3cf04e8,Whey Protein,2025-03-30,2,212.98
Instagram,FitLife,16,c3d9f6af-d7e2-4c72-91ac-d1caf385abc3,Multivitamin,2025-02-15,5,205.46
Twitter,BoostUp,19,d6093b34-5bf6-45fd-8bd5-3b26c78a694f,Omega-3,2025-07-08,2,418.57
Twitter,FitLife,24,b6389776-7901-4972-b2b4-45470e2be43c,Pre-Workout,2025-06-24,3,257.81
Instagram,Summer2025,21,3411a419-fc91-4268-8753-2d53c7f070a8,Multivitamin,2025-04-13,1,166.59
YouTube,FitLife,29,2e235604-cfb7-4c63-9b26-3f2742043982,Omega-3,2025-06-26,5,815.61
Instagram,FitLife,14,45ca4528-c7eb-4ef7-8975-f19a35c8586a,Pre-Workout,2025-04-22,3,863.93
YouTube,FitLife,3,a767e73a-df24-494a-9fe2-1be7464f7733,Whey Protein,2025-03-20,5,657.93
YouTube,Summer2025,16,994818b0-8076-4aaa-8e26-598685510376,Pre-Workout,2025-04-01,5,870.99
YouTube,Summer2025,14,efa38077-06fc-46f8-bd74-8aec137913e7,Pre-Workout,2025-03-12,1,346.77
Instagram,BoostUp,26,7eafb8c8-ba5a-47b3-8d50-200c92c43053,Whey Protein,2025-01-08,1,107.63
Instagram,BoostUp,22,426e95fd-e6b7-4c3e-9b0e-d8f2f1cd9ff0,Omega-3,2025-02-24,2,213.58
Instagram,Summer2025,23,adfa91a5-8a69-4a05-9613-cc76b602c34c,Whey Protein,2025-02-04,1,896.71
Instagram,Summer2025,13,62182ee1-6182-4263-aab5-cdb56218efc4,Whey Protein,2025-02-22,4,678.46
Twitter,Summer2025,25,ea7d6e1b-97d3-4645-ad87-23e72d628a98,Omega-3,2025-03-10,1,472.26
Instagram,BoostUp,13,61883232-3d3f-424f-8c6d-168dd29fbcea,Whey Protein,2025-03-29,4,984.65
Instagram,FitLife,21,82115451-a52f-47e3-83d3-00ed93ca74c4,Pre-Workout,2025-02-25,1,436.54
Twitter,BoostUp,11,759dd6ae-863c-4b5b-9e8a-0a90ab6d97e6,Pre-Workout,2025-05-01,1,177.6
Instagram,BoostUp,19,e2755988-e975-493b-b84c-d7b543d14435,Whey Protein,2025-07-04,4,161.21
Twitter,BoostUp,8,d61aa26a-ae87-4ff8-988d-2f557da3f488,Pre-Workout,2025-02-20,2,881.16
Instagram,FitLife,16,85c6c11f-663f-4a81-99a1-91d3c3d919a2,Multivitamin,2025-03-05,1,980.2
Instagram,Summer2025,6,81b330ed-2d33-41e6-ba96-1f1d90766aba,Multivitamin,2025-03-11,2,993.18
Instagram,FitLife,21,ef0ba73d-de91-4ee9-ad9f-7ca61767fcba,Omega-3,2025-01-18,4,763.53
Instagram,FitLife,24,c86e3d27-9593-4d8a-830a-3e329c0f7dbc,Pre-Workout,2025-05-18,3,148.62
Instagram,Summer2025,19,46f1551e-de3a-40f7-bc3e-69f9690cbe01,Whey Protein,2025-01-03,2,728.42
Instagram,Summer2025,7,77e0c3c7-d10d-4aa4-8381-fe422c4db6ea,Whey Protein,2025-02-16,5,882.89
Instagram,Summer2025,18,66f8c884-e3db-4692-b818-f154347498a6,Multivitamin,2025-02-08,1,606.78
Twitter,FitLife,19,0d5a80d2-d000-4ecf-b6ea-4e8fcea9cfd0,Multivitamin,2025-07-20,2,204.19
Twitter,BoostUp,28,d279168b-378a-4c59-85d4-73ba855ee4b7,Multivitamin,2025-01-09,4,225.5
Twitter,FitLife,3,7502e5a5-9d2f-4bc9-9043-23651245fe2c,Pre-Workout,2025-05-08,4,678.92
Twitter,BoostUp,16,cff60a06-d404-4cf1-ba67-a17d7d4da42f,Omega-3,2025-03-31,1,824.59
YouTube,FitLife,4,54d137a4-b1fa-4f19-b66c-877b099451a4,Multivitamin,2025-01-19,5,816.4
Instagram,Summer2025,8,1ce3091d-d69d-4e1b-a913-b734c14d2ec5,Omega-3,2025-07-13,5,119.13
YouTube,BoostUp,5,eb1ea38e-1342-493e-ae9b-75150d16f949,Omega-3,2025-01-22,3,848.03
Twitter,Summer2025,30,71d47e6e-79a1-42d5-9518-6fe3433cef5b,Omega-3,2025-05-10,1,136.9
YouTube,FitLife,28,4ac52262-7dd3-4840-9154-76d5a8678088,Multivitamin,2025-01-09,2,581.23
YouTube,FitLife,23,d7937b6b-705a-417c-8ec7-78297a302d7b,Multivitamin,2025-05-19,5,953.08
YouTube,Summer2025,22,16757d92-6b72-4ca2-b1cd-8d284d62ebf2,Multivitamin,2025-01-19,2,537.94
Twitter,Summer2025,29,7feb8b07-35ef-4894-8a51-21318b7615e0,Multivitamin,2025-06-08,3,969.43
Twitter,BoostUp,24,aebfb84c-dc8c-431a-8bb7-56f91d1e11e2,Pre-Workout,2025-03-01,3,343.27
Instagram,BoostUp,14,aba88a35-469d-4fd9-be7b-5349333537e1,Whey Protein,2025-06-25,4,136.59
Instagram,FitLife,16,5ce00443-b2a7-440c-adf6-32071d5ec8b0,Multivitamin,2025-05-13,1,585.28
Twitter,BoostUp,8,52efec01-66be-4417-80be-52c00f0ae957,Whey Protein,2025-07-03,3,717.54
Instagram,FitLife,9,1a3d1cc2-bd5a-43f1-9116-ae6070139f3d,Omega-3,2025-07-21,4,142.53
Instagram,Summer2025,29,0fded7ba-a019-4b31-947a-103e9d435c43,Omega-3,2025-04-07,5,717.14
Instagram,FitLife,12,cff10c6c-9040-4323-b87a-2211b5dbfa44,Whey Protein,2025-07-20,1,508.36
Instagram,Summer2025,18,fc36b415-929a-4e17-8067-f966df9f5345,Omega-3,2025-01-04,1,914.25
Twitter,Summer2025,23,c1874f77-7681-4ce7-b8d5-d53ac5a18269,Omega-3,2025-01-02,3,255.93
YouTube,Summer2025,22,a39f918d-e320-437a-8bfe-b2fe13682122,Whey Protein,2025-01-04,3,542.02
Twitter,FitLife,10,5357d0ac-5ad6-4a8e-8ffc-4632f1ad5b57,Omega-3,2025-06-10,3,327.35
Twitter,Summer2025,10,f66f6005-a164-49fa-b478-b5006c638b84,Pre-Workout,2025-01-07,3,371.88
Twitter,FitLife,24,f631f980-c60d-4b0d-bb8f-b696aee25c07,Pre-Workout,2025-02-19,4,378.14
Instagram,FitLife,14,b890b8c9-593f-4cc9-9ec7-5dc96073c729,Whey Protein,2025-07-20,5,243.32
Instagram,BoostUp,17,ee51a7df-accf-408f-983b-fcdaf50afa3f,Whey Protein,2025-04-07,5,482.89
Instagram,BoostUp,15,dfb5170f-0b14-465a-8379-6d79988103b3,Multivitamin,2025-02-23,3,303.16
Twitter,FitLife,8,e16adc47-5fe2-430b-aa25-f39ab820b762,Omega-3,2025-04-10,1,788.86
Instagram,BoostUp,25,519a55f3-b8ee-4937-a56e-df361161ffab,Multivitamin,2025-02-15,2,108.55
Instagram,BoostUp,7,2a072cbb-46e5-43a5-8f79-06f37eb24272,Pre-Workout,2025-01-29,1,488.01
Twitter,Summer2025,3,25cfdc46-c2c4-45db-847e-b04d7c634e59,Multivitamin,2025-01-20,2,271.58
YouTube,Summer2025,8,573874b5-d21a-4241-b64d-873afe6bad49,Whey Protein,2025-01-20,1,359.05
Instagram,BoostUp,1,05f55fb2-e841-4fde-a8f4-eb0e68927132,Whey Protein,2025-06-13,1,858.99
Instagram,FitLife,3,732dbcff-e0f3-4584-bd90-2946c8db1a7b,Whey Protein,2025-01-20,2,327.2
Twitter,Summer2025,2,7cb6bc1f-ed5c-461c-a355-adc9d86f1315,Pre-Workout,2025-01-08,3,861.95
YouTube,Summer2025,9,4e0a51d8-045b-488f-be8c-12bdb526b997,Omega-3,2025-04-24,4,132.45
Instagram,Summer2025,10,de69562e-adcc-495a-b5bc-2805b1b52ee0,Pre-Workout,2025-01-27,4,602.17
Twitter,BoostUp,15,e28a0937-d3a1-47f1-bd54-d68be985fd19,Multivitamin,2025-03-14,2,397.93
YouTube,Summer2025,19,4f101cb6-2566-489d-850a-c469b07f2122,Whey Protein,2025-01-11,4,890.14
Instagram,Summer2025,18,22dc366c-0147-4bea-a8ce-637453c8efc8,Whey Protein,2025-03-31,4,308.04
Twitter,FitLife,11,424c824f-7689-41c0-8410-40f6981029e3,Omega-3,2025-05-24,3,874.0
Twitter,BoostUp,18,1f20e5f7-0998-4fac-8e29-7f849fe9d6c6,Omega-3,2025-02-11,5,623.02
Instagram,BoostUp,3,d902a646-a23a-41c0-8b9e-966924eac78b,Pre-Workout,2025-05-15,3,585.05
Twitter,Summer2025,9,801a34ec-858e-4349-8b2b-476e9a47f86f,Omega-3,2025-06-16,3,421.06
YouTube,FitLife,28,f591b682-e7f0-4da9-aea0-8cd4fea6ee05,Omega-3,2025-02-06,1,746.21
Twitter,Summer2025,12,f5442632-5d3b-44b4-b8ee-a807f4c1656a,Pre-Workout,2025-03-04,4,897.73
YouTube,FitLife,1,047007b3-7582-4154-a95d-93d7e5f64afc,Pre-Workout,2025-04-10,3,658.59
Instagram,Summer2025,20,80b8900b-17a8-44dc-b196-a51520670a92,Multivitamin,2025-04-15,2,659.78
Instagram,BoostUp,6,58a10465-b4dd-4aa6-978b-0356a64ea848,Whey Protein,2025-04-30,3,323.57
Instagram,BoostUp,25,5413b605-4700-40cc-869f-22917dd1969c,Pre-Workout,2025-06-20,4,541.69
Instagram,FitLife,19,c1ec471e-4cd1-4ce9-8295-6fafd86d6a3b,Multivitamin,2025-07-11,2,241.19
Instagram,FitLife,13,86553d40-1510-4361-aeb9-6658b7a6e92b,Whey Protein,2025-07-09,1,337.98
Instagram,BoostUp,16,dda6897f-bb07-4f9b-86fe-614b367ba656,Pre-Workout,2025-07-13,5,765.39
Instagram,Summer2025,4,f932b17e-16a6-469d-a9f6-28500c1ce201,Pre-Workout,2025-05-21,5,989.51
Instagram,FitLife,4,0d8d962f-d7b6-433d-ad24-e83b0dbe6805,Pre-Workout,2025-06-17,5,989.44
Twitter,BoostUp,24,bb670db2-2b56-43f7-9d62-7d18a5e977d8,Multivitamin,2025-07-22,2,574.25
Twitter,Summer2025,4,abb4b3b6-acd6-4f69-8c49-4444d7e27bff,Multivitamin,2025-07-24,1,823.08
Instagram,BoostUp,11,1c482ca4-602b-4d19-a8ee-ff6dc46fd8da,Multivitamin,2025-03-02,1,149.48
Twitter,BoostUp,1,14b17be0-dc60-4021-947f-62b60b797958,Multivitamin,2025-02-07,5,380.86
Twitter,Summer2025,29,bd22ee0c-f609-44f8-af02-03732b056011,Pre-Workout,2025-06-12,1,989.01
Twitter,BoostUp,24,534ee2ff-b720-4758-acc0-7fc58ca160db,Multivitamin,2025-02-09,5,192.13
Twitter,Summer2025,18,82b6b89e-3af5-48b3-8aba-68a6109ce58e,Omega-3,2025-06-03,5,543.9
YouTube,BoostUp,16,4f935d9a-2614-41f8-ad71-89d2b159b785,Multivitamin,2025-06-19,1,632.81
Twitter,BoostUp,17,b1168ae1-8564-494c-a75a-d5cdf051a831,Multivitamin,2025-03-08,4,659.11
Instagram,BoostUp,10,c782ee8a-67a1-448d-9c5b-9d5331ed2a02,Multivitamin,2025-04-12,3,409.78
YouTube,FitLife,3,3ced5e5e-d711-4f22-aa98-178d94e28486,Pre-Workout,2025-05-03,3,183.03
YouTube,FitLife,13,73576651-5f82-4923-8af9-1e1628239337,Whey Protein,2025-07-13,2,175.72
YouTube,FitLife,3,13b24ffe-ced4-4bad-aa33-8e5382b88920,Whey Protein,2025-05-11,5,231.78
Twitter,FitLife,25,c980716b-17b0-48c7-b684-5b6e285162af,Whey Protein,2025-01-26,3,706.73
Instagram,FitLife,2,de4e799e-c8f9-40f9-83a9-a20e70f67e8c,Whey Protein,2025-07-01,4,971.94
Twitter,BoostUp,8,b983fda4-3390-4b90-9518-b8c82a4993eb,Whey Protein,2025-03-24,5,105.32
Instagram,Summer2025,12,f12cbf2d-6582-4312-bf33-7b3e0698369d,Whey Protein,2025-04-29,4,167.05
Twitter,Summer2025,12,7742d008-083e-490a-b9c8-be79df9f4e39,Omega-3,2025-07-03,5,175.57
YouTube,FitLife,15,77276322-e6d7-461c-9773-b255183989f9,Multivitamin,2025-03-14,5,686.44
Twitter,BoostUp,17,e2b2c2a9-4410-46ac-bcfb-fafe69d90486,Omega-3,2025-04-03,1,252.43
YouTube,Summer2025,22,0814ff63-ea94-4dd6-986a-152215f60744,Multivitamin,2025-05-13,2,247.33
Instagram,Summer2025,15,d29d780f-9747-461f-bf43-6b4da8bf9ed0,Omega-3,2025-02-08,3,569.73
Twitter,FitLife,1,8f03d3c8-3ddf-42a9-a143-a0d80ec06ad8,Whey Protein,2025-04-22,5,282.66
YouTube,FitLife,4,5ae333cc-8eb3-4394-9cdb-21df595e52c8,Whey Protein,2025-01-25,2,752.46
Twitter,FitLife,20,b77f7a11-ff81-4db5-bb69-8f4da7670f7c,Multivitamin,2025-06-20,5,755.27
YouTube,FitLife,9,9e556918-e45a-4767-ab62-b5dc213aaeb6,Omega-3,2025-05-21,1,713.1
Twitter,Summer2025,8,23899ca9-93e6-4a2e-8116-53bacbfcdb4e,Whey Protein,2025-07-02,4,604.49
Twitter,BoostUp,6,244fce12-4b96-493e-980f-a897a2920504,Omega-3,2025-06-28,3,773.83
Instagram,Summer2025,27,d85c997b-3bf6-4e85-a636-bb7710d1400d,Pre-Workout,2025-01-14,4,667.27
Instagram,FitLife,7,6365fd52-3d87-48f8-93a7-76c974ca3850,Whey Protein,2025-06-23,1,484.03
Twitter,Summer2025,21,44c66b08-117e-4d8a-8939-5e744915f4ae,Pre-Workout,2025-01-15,3,865.82
Instagram,FitLife,19,4cd1a4dd-8d6c-4544-9948-e3f4f55e14c5,Whey Protein,2025-03-14,4,984.28
YouTube,FitLife,5,e79288ac-cacf-4a15-a4ab-8646806cedd3,Omega-3,2025-01-09,5,640.35
Twitter,FitLife,16,79e38c1e-f584-4ed2-8877-0241482a055a,Whey Protein,2025-01-08,1,288.71
Twitter,BoostUp,27,b9177e6e-be80-4cd5-ab28-149d41b6a374,Omega-3,2025-07-07,3,996.44
Instagram,BoostUp,3,d7f10c73-a280-40d4-b03b-dd370045325f,Pre-Workout,2025-03-31,2,729.78
Twitter,BoostUp,11,66c33b41-9c60-457e-89c0-991b00df37de,Pre-Workout,2025-01-22,1,378.77
Instagram,BoostUp,2,925b8737-9425-4c06-b98c-ecc1e1d358fa,Whey Protein,2025-05-15,5,631.15
Instagram,FitLife,1,8fba02a8-ad19-4c8b-870e-7a6906e723a5,Pre-Workout,2025-04-05,5,609.12
YouTube,BoostUp,19,7c7dff44-e281-4cf0-b430-f283e357b93e,Pre-Workout,2025-03-08,3,369.54
Instagram,BoostUp,6,90de3c8b-255d-4330-a1b8-8c451789bb42,Omega-3,2025-06-21,5,427.79
YouTube,FitLife,3,b102b348-48db-46b0-b8f0-f6733100ead9,Whey Protein,2025-02-23,1,636.36
YouTube,FitLife,27,aefb9441-b2b9-4a5b-81ea-8fefbc805e05,Omega-3,2025-03-18,3,304.24
Instagram,FitLife,20,6d70566d-6058-4688-852c-837a54d425fb,Whey Protein,2025-02-11,2,962.21
YouTube,FitLife,7,14e6aa91-898e-48ed-a022-10671dc598aa,Pre-Workout,2025-05-17,3,777.13
Instagram,Summer2025,26,4cd0891c-e1d6-436f-83cc-a3bec1aa5135,Multivitamin,2025-02-01,4,752.73
Twitter,Summer2025,28,777861c3-33fb-49a4-bb6f-1090fcbd1f61,Omega-3,2025-04-06,5,650.61
Twitter,BoostUp,20,278802a0-6656-4568-8d16-7360e5a5be2e,Whey Protein,2025-02-24,5,372.44
Twitter,BoostUp,16,14a8925d-396a-4306-81b6-2fc8e09705d1,Pre-Workout,2025-02-19,1,433.82
Instagram,FitLife,10,56833674-98ce-4342-81b9-31a1347ea501,Omega-3,2025-07-03,2,489.12
Instagram,BoostUp,21,d1611b26-3c6f-459c-ad09-c4d5b02d6892,Whey Protein,2025-05-27,5,106.17
Twitter,Summer2025,12,0bc3befa-a93e-43f4-9bb9-bf8fbae38b1b,Pre-Workout,2025-04-17,4,797.77
Instagram,FitLife,7,e21789f2-9a07-4839-9cb4-f544b2975360,Multivitamin,2025-02-03,1,318.18
YouTube,FitLife,6,4d8e3089-47eb-4259-a5b2-2d0d1f9ec81c,Whey Protein,2025-02-03,3,615.58
Instagram,FitLife,11,c59d3ddd-ed37-4dd7-9fd4-37f90b53fd6c,Whey Protein,2025-05-09,1,345.83
Instagram,BoostUp,22,fa12c5c1-faed-4c0f-8012-02d91b041dd0,Omega-3,2025-05-31,3,121.83
YouTube,FitLife,4,9ef68f62-3bd1-415e-98a8-dc55f60fdb78,Omega-3,2025-06-29,4,364.45
Twitter,BoostUp,13,9a6f2fdf-cccd-4d07-be40-feec82f58a23,Pre-Workout,2025-03-02,2,197.18
YouTube,BoostUp,28,f519bdb0-8944-4489-857c-e283feb7384b,Whey Protein,2025-04-26,1,634.68
Twitter,FitLife,19,3368957d-21e8-42bb-8189-6b443a9f1759,Multivitamin,2025-05-19,1,464.86
Instagram,BoostUp,3,571742c6-4434-4b14-a799-bea48c71baca,Whey Protein,2025-04-09,5,846.24
YouTube,Summer2025,29,7baffbea-fe4b-4948-86cc-50ea0ad3e9e7,Omega-3,2025-04-20,3,804.33
YouTube,Summer2025,18,32c31340-d34d-4fe9-908e-bf2ba7c05c5f,Pre-Workout,2025-01-12,1,534.29
YouTube,BoostUp,7,b6acf34c-87c5-4697-b00e-ad03903c0091,Whey Protein,2025-04-03,3,165.81
YouTube,BoostUp,5,fbbdc28a-7587-4eeb-894a-e3457bc384b5,Multivitamin,2025-03-20,2,263.32
Twitter,Summer2025,26,68216ab6-1282-4710-b228-888e52829ada,Whey Protein,2025-05-19,3,105.4
Twitter,BoostUp,1,b13364a3-a86d-4411-9ed0-ab782be6fa6b,Omega-3,2025-02-25,2,380.66
Instagram,BoostUp,25,c0d6947d-a434-441a-88af-0564ce982884,Pre-Workout,2025-07-22,4,315.2
YouTube,BoostUp,5,02a8dc7a-4160-4b37-bb60-15553c21d157,Pre-Workout,2025-06-02,2,731.39
YouTube,FitLife,7,7e95f62e-3c52-4a0c-93a2-daaeab8c0012,Omega-3,2025-01-21,3,437.89
Instagram,BoostUp,13,95f87efb-2256-4eca-8253-ad192cbbf1c1,Multivitamin,2025-05-18,2,915.03
Twitter,FitLife,1,c0d38c1f-d5bd-4fc2-b925-429925038d63,Whey Protein,2025-02-26,1,387.94
YouTube,FitLife,26,233fe9d6-75f1-4092-8c04-c34738b8ba01,Pre-Workout,2025-03-29,3,691.9
YouTube,FitLife,21,80712941-fbd4-4040-ae57-0569deb8aa2a,Multivitamin,2025-06-03,2,340.3
Instagram,FitLife,15,a45dfdd6-fa54-4f84-9634-646ca54ac560,Whey Protein,2025-06-30,2,772.84
Instagram,Summer2025,26,54cbaff5-14e9-4365-b698-0449ae54b15e,Omega-3,2025-06-30,5,577.93
Instagram,BoostUp,5,6df3c9ea-2fee-4e74-b5bd-475a590a6fdf,Pre-Workout,2025-05-17,1,204.03
Instagram,Summer2025,10,abb8e119-2de6-42be-b3aa-2b0fd8e07c64,Omega-3,2025-06-11,1,417.39
YouTube,FitLife,26,030eef74-b3e7-4d2f-82ab-626d4c17a5d2,Whey Protein,2025-02-23,3,256.22
Instagram,BoostUp,8,8a3c11c0-736a-496d-8eab-70b7744e6e99,Pre-Workout,2025-05-29,3,862.26
Instagram,BoostUp,11,f6f44953-7ae5-4330-895f-b59b3ec1cf51,Multivitamin,2025-04-05,4,614.47
Twitter,BoostUp,20,a08b3da3-62c8-4b62-b02f-b9538b01510b,Multivitamin,2025-04-30,3,679.62
YouTube,Summer2025,6,b5eb9b97-8d29-437f-8a6e-39525a87d518,Pre-Workout,2025-06-16,2,563.82
YouTube,BoostUp,11,0338d7fc-713d-4076-9c69-75d237d1b065,Multivitamin,2025-04-13,4,151.23
Instagram,BoostUp,26,1451125b-e858-4ffa-83ea-3e89408b53d3,Omega-3,2025-06-19,3,876.55
Twitter,BoostUp,20,a628ad6c-b10b-4131-b788-f7a4fd16bc16,Whey Protein,2025-06-01,3,891.57
Twitter,FitLife,29,32a177a0-581f-4857-894a-789ff05eeb7d,Pre-Workout,2025-06-13,3,369.62
YouTube,Summer2025,23,de990050-e913-49de-afb0-213f92e45eb2,Whey Protein,2025-06-29,1,439.19
YouTube,BoostUp,6,acc14e8a-1ada-4766-bbf8-0e11c72fca9f,Multivitamin,2025-04-05,4,230.92
Twitter,Summer2025,21,dd627fdd-6df7-4780-b44c-5b2e45ce2f3c,Multivitamin,2025-06-12,2,170.59
Twitter,FitLife,18,a5a2f8d6-78ac-4423-ac19-2fb9b08506d7,Whey Protein,2025-04-07,1,123.57
YouTube,FitLife,10,b1d9ef03-2fa6-4f79-aca5-bcaea29f4125,Multivitamin,2025-01-20,4,653.54
Instagram,FitLife,23,d996deff-77ee-4dc4-b32f-89f28fe37d3f,Whey Protein,2025-03-12,3,879.42
Instagram,Summer2025,17,fe2f0c0d-fdba-40b5-b7c3-4e27b793bbf5,Whey Protein,2025-04-30,1,662.24
Twitter,FitLife,28,522a5c60-6453-45ef-b98c-7ab30cc84824,Multivitamin,2025-02-08,2,355.08
Instagram,BoostUp,1,67c48ce2-dbf5-48bf-924c-4bd46e0b9824,Pre-Workout,2025-02-16,3,532.62
YouTube,FitLife,10,75acd3d7-a9ef-4a2d-830b-d095ed8c3c4c,Whey Protein,2025-02-26,5,592.8
Twitter,BoostUp,22,57bab955-7aa3-4fc9-b51d-ae203483c581,Omega-3,2025-04-26,2,712.95
Instagram,Summer2025,26,0d6f0600-0feb-47dc-bb8a-6575f4b72226,Whey Protein,2025-06-14,2,182.63
Twitter,FitLife,7,384609eb-9a28-45a5-9e69-e5807ff0f315,Whey Protein,2025-04-21,4,364.01
Twitter,Summer2025,25,04bfb2f9-fe2c-46dd-bdaa-d0f407f2394e,Omega-3,2025-03-09,5,299.77
Instagram,FitLife,13,be007de1-de6e-48c1-811e-a1bc9bf49451,Omega-3,2025-03-06,2,647.89
YouTube,Summer2025,12,8361ea06-f56a-4865-8b84-06332aaccd92,Pre-Workout,2025-01-14,3,576.67
Twitter,FitLife,7,61566619-2f39-4df3-a4b1-f9787aa3cef1,Pre-Workout,2025-01-10,5,396.26
Instagram,Summer2025,4,8aa013fe-1dc3-43dd-8a2f-c52bc2fbfb9b,Pre-Workout,2025-02-24,3,744.89
YouTube,BoostUp,9,dfc079cb-086c-46ba-8e29-c6d99314c36a,Omega-3,2025-01-02,5,881.2
Instagram,FitLife,9,28bc2c04-6263-4056-aa2b-837e73074d36,Pre-Workout,2025-01-02,5,384.48
Instagram,FitLife,14,21511232-7047-4170-87e1-a049fda4394f,Whey Protein,2025-03-25,2,185.6
Twitter,Summer2025,26,b05c24c5-ed88-4b5b-b6f6-1b42f4d3dafa,Omega-3,2025-01-15,1,640.46
YouTube,BoostUp,23,9e307ed1-3166-430a-8476-6b65e09b0d53,Pre-Workout,2025-03-05,2,874.04
Twitter,FitLife,12,77cc9d9b-2c17-4cf3-9e64-181966bdb478,Omega-3,2025-05-25,5,596.49
Twitter,Summer2025,20,6df8cb07-d7f4-45cb-9a91-623e2932af4d,Multivitamin,2025-03-18,5,112.4
Instagram,Summer2025,6,3ecd94d5-22a5-4b27-8874-897403793a42,Omega-3,2025-06-20,2,394.47
YouTube,BoostUp,15,97ff0f47-f3fb-45ce-af3a-8db468ad05ce,Pre-Workout,2025-07-09,1,686.42
Instagram,BoostUp,30,aebf3988-dca4-453e-94b4-ef143618376a,Pre-Workout,2025-02-08,3,578.5
Instagram,Summer2025,5,01ff3aea-0e5b-4f84-9d69-22f050341f76,Omega-3,2025-04-15,2,494.36
Twitter,Summer2025,23,cc0ffd9f-7905-40eb-8a19-f0a0759204a8,Omega-3,2025-05-05,3,538.94
YouTube,BoostUp,15,84c6fcf1-df2a-4ad0-94c6-fdd9be4b7d64,Omega-3,2025-05-03,1,800.31
Twitter,Summer2025,29,26456b98-be30-4fd2-ad08-000eca3a9b8d,Omega-3,2025-05-17,4,354.41
YouTube,Summer2025,22,34b72c35-7545-4696-96ba-1544cdf372d5,Multivitamin,2025-02-28,3,736.71
Twitter,Summer2025,2,f1906bd1-7de9-4d9b-a908-ff64a8dd872b,Multivitamin,2025-01-29,2,205.57
Twitter,BoostUp,29,8bec0586-4b65-4df1-bf9a-56b2a2867815,Omega-3,2025-01-12,2,386.64
Twitter,BoostUp,3,2891dccd-cd2d-4258-84fa-c504a0ed89b3,Pre-Workout,2025-01-17,4,234.96
YouTube,BoostUp,13,9871f83c-3031-461a-9215-12c51503aa41,Pre-Workout,2025-05-09,2,485.47
Twitter,BoostUp,15,2fecc06f-5b8b-4497-a5f4-1e211d883fad,Omega-3,2025-02-11,2,747.11
Instagram,FitLife,28,31e41140-218e-4f1c-89b4-0a5c2697195b,Omega-3,2025-05-16,4,877.52
YouTube,Summer2025,19,647de924-68b9-4b2a-9293-c7c7207f9461,Pre-Workout,2025-02-26,1,910.58
YouTube,Summer2025,22,247d022c-cc9b-44c4-9e0b-f7cb385d9c4f,Whey Protein,2025-03-31,5,429.37
Twitter,BoostUp,11,e875b424-5459-4d7f-b2cd-f5c70dbb0a60,Pre-Workout,2025-04-25,2,329.74
YouTube,FitLife,14,001226dd-93a8-4aff-821a-d82542f3ae4b,Whey Protein,2025-01-25,2,971.41
Instagram,Summer2025,28,148a7b89-3ffc-4942-8eb1-0ca0520a4be1,Pre-Workout,2025-01-14,3,899.96
Instagram,Summer2025,10,0d8c1990-fe51-402d-a252-1fd71e87b452,Pre-Workout,2025-02-02,2,943.86
Instagram,FitLife,12,351eb37f-4df1-41ea-b8d1-180e11ebb887,Pre-Workout,2025-03-20,4,307.79
Twitter,FitLife,15,730691d1-aa82-4495-863a-0bb766700d9f,Whey Protein,2025-03-14,1,766.19
Twitter,Summer2025,7,81e2d1ec-5af1-46df-a2ef-fdd955873962,Pre-Workout,2025-03-18,5,638.47
Instagram,Summer2025,8,235fbf3f-126d-40fa-beab-a9a5d9ce47ef,Pre-Workout,2025-04-24,4,163.02
Instagram,BoostUp,15,67064f65-0a48-4519-9a14-bc3fc9407ba6,Omega-3,2025-02-27,3,404.78
YouTube,FitLife,13,36d755e7-0394-4027-b44a-87a36b99feab,Omega-3,2025-06-12,4,679.95
Twitter,BoostUp,28,3102dc77-6a99-491d-b5fc-12c6936410de,Omega-3,2025-06-19,3,436.68
Twitter,FitLife,28,8a0aabde-569f-485b-b66b-fbd037e64d1c,Multivitamin,2025-01-26,1,953.42
Twitter,Summer2025,3,2d3ac88c-ae68-4041-ba12-4b4e6b027a45,Whey Protein,2025-02-23,1,397.28
YouTube,BoostUp,18,65ceba62-77bb-4ca1-a2c0-5c39a049db8a,Multivitamin,2025-02-09,2,661.25
YouTube,BoostUp,16,ea9ea4d7-21e1-47dd-9381-3a4df003e6e4,Omega-3,2025-07-23,3,794.8
Twitter,BoostUp,11,06bc662d-7236-4cc1-b94d-0d2873c00811,Whey Protein,2025-02-24,1,662.43
YouTube,BoostUp,2,de40f63f-dffb-45c2-8039-497a6f1025ac,Omega-3,2025-05-27,4,219.82
Instagram,FitLife,6,7b6e2aa5-9fd5-4e50-b6cb-d07d547df3a2,Pre-Workout,2025-03-23,1,788.69
YouTube,FitLife,8,ca0ed14c-b8af-4dff-87e6-bb1422f986bd,Omega-3,2025-06-03,3,920.89
Instagram,BoostUp,7,4bcc3668-ad57-4ebc-b66f-bf68b68d6f10,Omega-3,2025-07-10,5,386.75
YouTube,BoostUp,27,85a24dae-0112-4559-ab91-bbf47d35a301,Whey Protein,2025-04-24,4,917.77
YouTube,Summer2025,16,d1ef65a5-8375-4f4e-acd3-2abaee17df89,Pre-Workout,2025-06-17,5,815.54
YouTube,BoostUp,8,a035b20b-3ea8-44ad-8358-45b809ef5b83,Whey Protein,2025-02-20,1,635.3
YouTube,Summer2025,28,27bbb15d-e92b-4c58-8c39-2fd5fbc31204,Whey Protein,2025-03-22,2,201.96
Instagram,BoostUp,25,401a2123-3286-4d36-baff-bf88ba4acb3b,Multivitamin,2025-02-17,5,218.23
YouTube,Summer2025,2,fbe69bcc-1eb9-438b-8fc3-1816e2663216,Pre-Workout,2025-06-17,1,224.18
Twitter,FitLife,16,923b60a4-a167-4d3d-bc8f-e760ab075f11,Omega-3,2025-03-26,3,116.0
Twitter,FitLife,27,c738495a-71c4-459b-9de0-b0c8bcea5350,Whey Protein,2025-06-14,3,309.57
Instagram,FitLife,11,883bbe2c-bca9-41df-a0e0-d96d1ad512d6,Omega-3,2025-05-20,5,318.0
YouTube,FitLife,5,a73189a9-ce7c-4af6-a965-d1d0685071d3,Omega-3,2025-04-14,2,611.41
YouTube,FitLife,29,c0ddfcd9-2315-4f3d-bbed-af57408c9e38,Omega-3,2025-03-16,2,605.93
Instagram,Summer2025,11,77d0ee60-b9d1-45f5-b637-d54d792a007e,Omega-3,2025-01-22,2,316.41
YouTube,BoostUp,5,e6a71a6f-04f3-45fb-a8dd-6ffa6b6bc0ba,Multivitamin,2025-04-12,1,701.88
Twitter,BoostUp,26,3d7a276e-c13b-446f-aef4-bd9cf107912c,Whey Protein,2025-01-09,5,475.47
Twitter,BoostUp,4,8eb432c6-862f-400a-a7b3-810279962766,Multivitamin,2025-02-19,1,467.82
Instagram,FitLife,18,08b98720-1de0-485c-acd3-55ed0f131bee,Whey Protein,2025-03-17,1,869.38
Instagram,BoostUp,4,fd4e83da-7ff3-4bbc-8a6d-dd97638fdacc,Pre-Workout,2025-03-07,1,907.08
YouTube,Summer2025,17,33ada170-5811-48dc-ac0d-4b6a34c9c4f1,Whey Protein,2025-07-23,4,995.61
Twitter,BoostUp,26,014e0165-27ff-4795-b0a4-d6ab7563db62,Whey Protein,2025-06-09,3,763.11
Twitter,FitLife,21,c783c36e-1cdf-48c5-b4aa-d58b72e161cc,Multivitamin,2025-07-10,5,674.89
Twitter,BoostUp,30,a0c10d8f-1581-4498-8cd6-96e53aac6c6c,Pre-Workout,2025-01-29,3,179.61
Instagram,Summer2025,22,f1b08aa0-e571-4b51-ad3d-f37379bea303,Multivitamin,2025-06-12,4,652.58
YouTube,FitLife,24,35bdddb0-83a5-4512-889c-775601fa9bad,Pre-Workout,2025-05-30,1,651.03
Twitter,FitLife,29,0eba6c4b-4288-41fc-8860-424918148338,Multivitamin,2025-03-14,3,118.07
YouTube,FitLife,2,32760db2-bdf5-49da-bd3a-b8a756b0a8e7,Omega-3,2025-07-04,4,379.53
Twitter,FitLife,22,2cee4941-eda9-4960-98d4-9cba09d7cb63,Omega-3,2025-03-19,2,244.62
YouTube,Summer2025,6,a07e4490-e15b-4c22-891f-0779e0170c62,Whey Protein,2025-07-23,3,883.22
Twitter,FitLife,13,cc0ad1e2-1f4c-48db-96ef-6abf1194119a,Multivitamin,2025-07-17,2,683.52
YouTube,BoostUp,3,7057812b-35a9-4791-b804-34a3d430e44b,Multivitamin,2025-07-20,4,640.87
YouTube,Summer2025,17,9fed1829-b52e-47fc-9f04-939d5709a3e4,Multivitamin,2025-07-19,2,878.31
YouTube,Summer2025,13,6162ae27-f4b1-4ba0-b76a-8dbc562fdcd0,Whey Protein,2025-02-10,4,373.75
Twitter,BoostUp,4,6c5dbf1a-fc8a-449e-b608-bbfc78763423,Pre-Workout,2025-04-08,2,221.36
Twitter,Summer2025,6,129f64c7-35ca-4d28-9b26-2af55073358e,Multivitamin,2025-01-20,5,660.91
Instagram,FitLife,5,62538195-cca2-4193-b470-1cf7795090a3,Whey Protein,2025-01-12,4,984.38
YouTube,Summer2025,18,956d2b03-34b4-4b7e-a39c-c2f2437bf8f9,Multivitamin,2025-02-26,1,291.55
Instagram,Summer2025,27,dd198f60-d5fe-4359-8d06-d842ce7d2d9b,Multivitamin,2025-02-07,3,970.73
YouTube,FitLife,27,a5970cf3-cfad-4878-959c-f19d928bf73b,Multivitamin,2025-02-21,3,637.01
Twitter,FitLife,4,a8cf16d6-4a63-4394-830c-3bbe572a534a,Whey Protein,2025-07-22,2,155.65
Twitter,BoostUp,22,c036ec12-c7b6-44ac-8705-29a553b4c4ce,Pre-Workout,2025-01-16,1,436.71
Instagram,Summer2025,18,a649522b-350c-484d-8b04-ee7574e20ce8,Multivitamin,2025-06-22,1,247.81
YouTube,BoostUp,8,32fd0170-5dcf-4799-98f9-48ba3828a180,Whey Protein,2025-02-08,4,624.78
YouTube,BoostUp,25,0789d0cc-6acc-4d0d-af8a-57e63de24d28,Whey Protein,2025-03-28,5,410.56
YouTube,Summer2025,22,d1a231e1-23af-4369-82ea-23e637d629ae,Whey Protein,2025-02-09,1,216.29
YouTube,BoostUp,14,f1d533b5-4a2e-4e78-ae21-8a6c31c893ed,Omega-3,2025-05-25,3,538.59
Instagram,Summer2025,25,25b9c2d2-6179-4464-84b3-7a582029a6b5,Pre-Workout,2025-05-24,2,645.16
YouTube,FitLife,1,0732ada6-1a73-4295-9cc9-cb10dd447809,Whey Protein,2025-01-26,5,646.34
Instagram,FitLife,5,1bc5533a-b2c3-4bbb-9376-eb10b87ff2c4,Whey Protein,2025-05-24,2,420.12
Twitter,BoostUp,3,cb2ec9da-e7db-4227-9dd4-7a1cdf9ee7e7,Whey Protein,2025-07-03,4,902.99
Instagram,BoostUp,12,c9619523-7f17-469e-93c1-554bb24d3e72,Whey Protein,2025-07-17,4,454.68
Twitter,FitLife,9,0a53d862-dc3b-468e-8382-ce619e2f6972,Omega-3,2025-07-09,1,682.5
Instagram,Summer2025,21,4386b707-cfee-463d-bebe-00aa320c160d,Whey Protein,2025-02-14,1,424.39
Instagram,BoostUp,15,dfc66b3f-0193-4d81-87a5-d4a07d763014,Pre-Workout,2025-06-07,3,742.3
Twitter,Summer2025,30,ada72549-5441-46d4-80dd-442e8d4f6f7d,Omega-3,2025-01-08,1,251.69
Twitter,BoostUp,30,b5d2d93b-674c-4754-b568-d20afc55e8d3,Pre-Workout,2025-06-30,1,736.03
YouTube,FitLife,12,ff4ec7a3-6651-4299-bc2e-feb85cb78a34,Multivitamin,2025-06-24,3,373.09
Instagram,FitLife,6,4ea22c06-877e-4e5b-8978-dac1bf5454b2,Omega-3,2025-03-17,2,438.52
YouTube,Summer2025,4,b9dd70be-01bc-4928-80a7-b6ae617a8d01,Omega-3,2025-05-04,5,650.1
Instagram,FitLife,4,c4b8e3c0-8071-48f8-b809-86c3d3b65d73,Omega-3,2025-04-21,2,198.83
Instagram,Summer2025,3,5a07b07c-80ef-4ec1-b891-a012d35b537b,Pre-Workout,2025-03-08,5,656.49
Twitter,BoostUp,23,16cbc4eb-1d54-4f66-862d-4d24cadba948,Whey Protein,2025-02-22,1,450.95
YouTube,BoostUp,23,b54d3d9a-f026-462e-ac51-6147824ee2d3,Pre-Workout,2025-03-15,3,371.33
YouTube,FitLife,20,35fbae1c-127c-4d94-8222-a3673fb380c2,Multivitamin,2025-03-11,4,213.32
Instagram,Summer2025,20,330916d0-9beb-4434-a969-7fa84fe5b58d,Multivitamin,2025-03-08,2,473.75
Instagram,BoostUp,6,5c92969c-b510-4345-a400-cd1427c89f3b,Omega-3,2025-04-29,2,781.77
YouTube,FitLife,22,0c293cd4-0c43-4cc5-b35a-c8655e21f310,Multivitamin,2025-07-21,3,258.59
YouTube,BoostUp,12,b69debae-0df4-44c3-b1e2-c764416cffb6,Whey Protein,2025-06-10,2,361.4
Twitter,BoostUp,23,52430c81-99aa-42fc-890b-9d851051c9e3,Multivitamin,2025-06-05,2,161.41
Instagram,FitLife,23,9c2e8819-dedf-469a-828c-24436eb14b92,Pre-Workout,2025-06-22,2,830.84
YouTube,FitLife,29,5c726171-b706-4b67-b972-20f1480af70a,Pre-Workout,2025-07-12,4,672.28
Instagram,BoostUp,25,e0991a4f-d613-49a9-955d-5a7f4d582368,Pre-Workout,2025-05-01,5,966.41
Twitter,FitLife,25,7467b798-81b2-44ef-ac41-276571b9acac,Omega-3,2025-01-19,1,438.27
Instagram,BoostUp,22,fa47ca4b-c458-4156-823f-81d57be59f9d,Whey Protein,2025-03-31,5,692.03
YouTube,Summer2025,2,7ece2b65-f708-4b55-a08b-b50335dae57c,Omega-3,2025-06-23,5,411.18
Instagram,BoostUp,21,b4e268ff-114b-4330-9ea3-ba3938cb823e,Whey Protein,2025-03-02,4,111.52
YouTube,Summer2025,22,17716b0e-3f32-40a3-a8e3-087b78ae03f7,Whey Protein,2025-03-27,3,475.5
YouTube,FitLife,25,d8fe9459-30e1-44ab-9977-c73fcb37f715,Pre-Workout,2025-07-14,2,425.26
YouTube,Summer2025,27,9646e643-750f-4d7f-96e9-86f42e177ccf,Multivitamin,2025-05-17,2,146.2
Instagram,BoostUp,28,725e982e-aa2c-449f-8c41-9a002ee518d0,Pre-Workout,2025-03-29,4,856.27
Instagram,BoostUp,11,4dffc301-1168-43cc-a0b2-9948f0ec0823,Omega-3,2025-06-07,3,240.14
YouTube,BoostUp,26,97978bb7-dbdc-49c7-b042-0dbcd9264c89,Whey Protein,2025-06-27,1,577.78
Instagram,Summer2025,16,7d0f9306-e9d2-409a-a8ae-6037082270d5,Whey Protein,2025-01-22,5,313.75
Twitter,FitLife,4,ec87bca5-eca1-44ad-8628-e7684151ab8a,Multivitamin,2025-06-17,2,924.2
YouTube,Summer2025,11,7d7e4d2a-e62c-4318-b5d2-56f8da0e30cd,Omega-3,2025-03-04,1,485.52
YouTube,FitLife,15,ce665cfd-e36c-4142-a929-10f4808c983a,Whey Protein,2025-04-11,2,702.4
Instagram,BoostUp,19,49e5d322-359b-4f6f-bb62-a10ae0a4f60f,Whey Protein,2025-07-10,5,925.39
Twitter,BoostUp,24,e9d0445e-6ada-496a-a55b-16f775d06104,Pre-Workout,2025-02-18,1,970.33
Twitter,Summer2025,8,93134c54-76d4-427a-847f-9ff7f75e2794,Whey Protein,2025-07-12,1,430.14
YouTube,FitLife,19,4c2a194f-3fce-41cf-a17b-8345de81ec55,Whey Protein,2025-04-08,1,572.28
Twitter,Summer2025,19,680f3d77-745c-41bf-a56f-8a838f896d96,Omega-3,2025-01-19,5,969.37
Twitter,BoostUp,16,9b412e2c-a44f-4487-a0a7-4ed2795045e5,Multivitamin,2025-01-12,3,961.04
Twitter,Summer2025,5,4c714898-2c67-4264-b415-f3380ef5c36a,Omega-3,2025-04-14,4,894.99
Instagram,Summer2025,21,c21fd832-4b95-4b2d-972c-8c899804d154,Pre-Workout,2025-03-11,1,441.24
YouTube,BoostUp,14,2cff544e-1609-446c-a0a2-0307b8d1f273,Pre-Workout,2025-03-03,3,420.21
Instagram,BoostUp,17,93fc3314-5f29-42de-b48a-1554a2394d52,Omega-3,2025-01-23,1,350.8
Twitter,BoostUp,19,2c650a0a-8d26-43b0-aba4-6038df9bdbb5,Multivitamin,2025-03-26,5,439.68
YouTube,BoostUp,3,6316dba8-5009-4173-bc36-8e132e53c817,Pre-Workout,2025-04-28,3,359.2
Instagram,Summer2025,30,28b1f18c-7f75-4032-90da-624b3a8133ad,Whey Protein,2025-06-22,3,330.66
Twitter,Summer2025,20,e34d20f6-37ed-4eba-8154-35cb0c4802ae,Omega-3,2025-01-17,1,788.57
YouTube,Summer2025,20,889b3112-9719-4275-a23e-9a043d61a5b8,Pre-Workout,2025-07-02,4,420.83
YouTube,Summer2025,15,d33cb8d8-a8b4-4e21-aa9a-4fe27f0eba88,Whey Protein,2025-06-24,5,531.44
Instagram,BoostUp,6,928919b9-a915-465a-af9f-8b1ec6f7053f,Multivitamin,2025-06-07,2,514.34
Instagram,BoostUp,24,5df341e2-2531-4dd5-aa40-cfe31668f387,Omega-3,2025-07-06,4,289.93
Instagram,BoostUp,26,2ba0d232-4ea8-4790-b22f-246a05982869,Pre-Workout,2025-02-26,5,385.86
Instagram,BoostUp,14,77a86029-45be-426c-a502-83f9df66696f,Omega-3,2025-05-18,3,677.15
Instagram,FitLife,6,2d7f5ce5-e11c-438e-948e-b087339218ab,Whey Protein,2025-02-17,4,551.68
Twitter,FitLife,20,aa7c5712-54d2-472a-832d-54e561b63199,Omega-3,2025-06-24,4,588.04
Twitter,FitLife,15,b2ed3b61-9b90-4dba-902e-7a3d813d955d,Whey Protein,2025-03-01,4,416.42
Instagram,Summer2025,22,5eb2b7cc-8f3d-462c-9cea-f7c5790971e0,Omega-3,2025-07-15,5,347.12
Instagram,BoostUp,17,6bc556f3-710e-4f99-b577-01b675e0c51e,Multivitamin,2025-04-23,4,778.95
Twitter,Summer2025,20,1b4e3338-140e-471c-89e4-63ae5fda679e,Pre-Workout,2025-05-01,4,314.25
Twitter,FitLife,29,074bddf1-f077-4fa8-83ef-8fc360cb9032,Omega-3,2025-06-03,5,280.37
Instagram,Summer2025,20,69c62dc9-90d7-4b65-b20d-e549083c5f3a,Whey Protein,2025-02-24,1,804.84
Instagram,BoostUp,27,a896f6d9-ed5b-4235-99a5-c02c44de4b7f,Multivitamin,2025-06-19,1,766.03
Instagram,Summer2025,6,474fb0b4-66e0-4852-b3d1-cc7744ae959c,Pre-Workout,2025-02-17,3,915.55
YouTube,BoostUp,1,9ebd63fb-5eeb-4960-82ff-4fd49984fca8,Omega-3,2025-06-07,3,292.85
YouTube,BoostUp,9,d7dbc6b5-1716-42f4-aff7-b00d1bbe71cb,Omega-3,2025-01-14,3,857.9
Instagram,BoostUp,17,c087965f-f58c-4e41-a700-abbeed6c5e8d,Pre-Workout,2025-04-06,2,225.05
Instagram,BoostUp,26,a4ea35ee-8a84-4805-9188-38a724d8de2f,Omega-3,2025-04-30,5,849.32
Twitter,Summer2025,29,f4043da2-651d-4ca2-b28a-a1ee0330e7b4,Omega-3,2025-04-12,2,511.76
Twitter,FitLife,1,7e19b047-c916-48aa-99b2-36cb48384ac7,Multivitamin,2025-05-25,3,251.9
Twitter,BoostUp,13,61e13de4-1fb7-4fb1-ab58-f1937af8ef41,Multivitamin,2025-06-24,3,912.85
YouTube,BoostUp,15,c238d3e6-a1d4-455e-99c6-68640a8ac93a,Omega-3,2025-03-10,1,458.88
Instagram,FitLife,10,7c7acb2a-0cbd-4b2d-affc-da4c4356a588,Whey Protein,2025-03-14,4,756.81
Instagram,FitLife,12,ce27634b-30fd-4f40-905c-6c86363689ab,Omega-3,2025-07-10,1,539.11
Instagram,Summer2025,18,924348fb-d192-4f2e-8618-1f773acc8fdb,Omega-3,2025-01-16,1,854.56
Twitter,Summer2025,30,e3192baa-f7ee-4631-b025-183d67305a7f,Whey Protein,2025-07-17,5,619.16
YouTube,BoostUp,28,2c0e879b-152c-4624-b949-1fac004354a3,Multivitamin,2025-01-16,3,373.97
Twitter,FitLife,9,25250058-813d-4990-b91e-166491b05737,Whey Protein,2025-04-29,5,395.78
Twitter,Summer2025,5,2766e8ca-02b3-475c-99dc-83b2e7c97f60,Whey Protein,2025-06-12,3,316.37
YouTube,Summer2025,2,5ae64f4e-ec2d-4569-bb58-96513ae53d25,Multivitamin,2025-02-05,4,615.7
Twitter,Summer2025,2,fde1aaac-e683-4691-8879-e554258bc71f,Whey Protein,2025-04-23,3,632.02
Instagram,FitLife,23,193d823e-486a-4da3-96fa-663b30793021,Omega-3,2025-04-19,5,824.24
